dataset_key,dataset_name,model_key,model_name,fold_a,fold_b,n_features,top_k,kendall_tau,spearman_rho,top_k_jaccard
dataset1,Personal Key Indicators of Heart Disease (2022),adaboost,AdaBoost,1,2,131,10,0.9215502055196713,0.9291891314792078,1.0
dataset1,Personal Key Indicators of Heart Disease (2022),adaboost,AdaBoost,1,3,131,10,0.9584263065179096,0.962931724763786,1.0
dataset1,Personal Key Indicators of Heart Disease (2022),adaboost,AdaBoost,1,4,131,10,0.9769817968291252,0.9799071157849784,0.8181818181818182
dataset1,Personal Key Indicators of Heart Disease (2022),adaboost,AdaBoost,1,5,131,10,0.9790957134468585,0.9838520258367587,1.0
dataset1,Personal Key Indicators of Heart Disease (2022),adaboost,AdaBoost,2,3,131,10,0.9598355842630653,0.9656381786152778,1.0
dataset1,Personal Key Indicators of Heart Disease (2022),adaboost,AdaBoost,2,4,131,10,0.9412800939518498,0.9499813163935301,0.8181818181818182
dataset1,Personal Key Indicators of Heart Disease (2022),adaboost,AdaBoost,2,5,131,10,0.940575455079272,0.9457214541184008,1.0
dataset1,Personal Key Indicators of Heart Disease (2022),adaboost,AdaBoost,3,4,131,10,0.9781561949500883,0.9838199967970961,0.8181818181818182
dataset1,Personal Key Indicators of Heart Disease (2022),adaboost,AdaBoost,3,5,131,10,0.9779213153258957,0.9790369935408103,1.0
dataset1,Personal Key Indicators of Heart Disease (2022),adaboost,AdaBoost,4,5,131,10,0.9588960657662948,0.9638925959536646,0.8181818181818182
dataset1,Personal Key Indicators of Heart Disease (2022),xgboost,XGBoost,1,2,131,10,0.7998825601879037,0.9362034911653232,0.8181818181818182
dataset1,Personal Key Indicators of Heart Disease (2022),xgboost,XGBoost,1,3,131,10,0.8231356429829714,0.9473442587946405,0.8181818181818182
dataset1,Personal Key Indicators of Heart Disease (2022),xgboost,XGBoost,1,4,131,10,0.8360540223135644,0.9555543692948272,0.8181818181818182
dataset1,Personal Key Indicators of Heart Disease (2022),xgboost,XGBoost,1,5,131,10,0.8123311802701116,0.9428548550685955,0.8181818181818182
dataset1,Personal Key Indicators of Heart Disease (2022),xgboost,XGBoost,2,3,131,10,0.7770992366412215,0.9189078097475045,1.0
dataset1,Personal Key Indicators of Heart Disease (2022),xgboost,XGBoost,2,4,131,10,0.795654726952437,0.9273421235253297,0.6666666666666666
dataset1,Personal Key Indicators of Heart Disease (2022),xgboost,XGBoost,2,5,131,10,0.7836758661186143,0.9181711418352639,1.0
dataset1,Personal Key Indicators of Heart Disease (2022),xgboost,XGBoost,3,4,131,10,0.7855549031121551,0.9255965408637165,0.6666666666666666
dataset1,Personal Key Indicators of Heart Disease (2022),xgboost,XGBoost,3,5,131,10,0.7989430416911334,0.9313404153098809,1.0
dataset1,Personal Key Indicators of Heart Disease (2022),xgboost,XGBoost,4,5,131,10,0.7780387551379919,0.9211391661773342,0.6666666666666666
dataset1,Personal Key Indicators of Heart Disease (2022),lightgbm,LightGBM,1,2,131,10,0.8062243100411041,0.9386270218331287,0.8181818181818182
dataset1,Personal Key Indicators of Heart Disease (2022),lightgbm,LightGBM,1,3,131,10,0.8214914856136231,0.9426466663107885,0.8181818181818182
dataset1,Personal Key Indicators of Heart Disease (2022),lightgbm,LightGBM,1,4,131,10,0.8059894304169114,0.9446271285965943,0.6666666666666666
dataset1,Personal Key Indicators of Heart Disease (2022),lightgbm,LightGBM,1,5,131,10,0.8034057545507928,0.9383654513425506,0.8181818181818182
dataset1,Personal Key Indicators of Heart Disease (2022),lightgbm,LightGBM,2,3,131,10,0.8174985320023489,0.9437570063524262,0.8181818181818182
dataset1,Personal Key Indicators of Heart Disease (2022),lightgbm,LightGBM,2,4,131,10,0.7987081620669408,0.9325468424705068,0.6666666666666666
dataset1,Personal Key Indicators of Heart Disease (2022),lightgbm,LightGBM,2,5,131,10,0.8017615971814446,0.9309186996209897,0.8181818181818182
dataset1,Personal Key Indicators of Heart Disease (2022),lightgbm,LightGBM,3,4,131,10,0.8064591896652966,0.9373992419793947,0.6666666666666666
dataset1,Personal Key Indicators of Heart Disease (2022),lightgbm,LightGBM,3,5,131,10,0.7996476805637113,0.9305610420114235,1.0
dataset1,Personal Key Indicators of Heart Disease (2022),lightgbm,LightGBM,4,5,131,10,0.7958896065766295,0.9284898307799071,0.6666666666666666
dataset2,Heart Failure Prediction,adaboost,AdaBoost,1,2,18,10,0.8300653594771243,0.9298245614035088,0.8181818181818182
dataset2,Heart Failure Prediction,adaboost,AdaBoost,1,3,18,10,0.8692810457516341,0.9463364293085655,0.8181818181818182
dataset2,Heart Failure Prediction,adaboost,AdaBoost,1,4,18,10,0.934640522875817,0.9834881320949431,0.8181818181818182
dataset2,Heart Failure Prediction,adaboost,AdaBoost,1,5,18,10,0.8954248366013072,0.9690402476780186,0.6666666666666666
dataset2,Heart Failure Prediction,adaboost,AdaBoost,2,3,18,10,0.7516339869281047,0.8740970072239421,0.8181818181818182
dataset2,Heart Failure Prediction,adaboost,AdaBoost,2,4,18,10,0.8692810457516341,0.9504643962848297,1.0
dataset2,Heart Failure Prediction,adaboost,AdaBoost,2,5,18,10,0.803921568627451,0.9195046439628484,0.8181818181818182
dataset2,Heart Failure Prediction,adaboost,AdaBoost,3,4,18,10,0.8562091503267976,0.9401444788441692,0.8181818181818182
dataset2,Heart Failure Prediction,adaboost,AdaBoost,3,5,18,10,0.8431372549019609,0.9318885448916409,0.6666666666666666
dataset2,Heart Failure Prediction,adaboost,AdaBoost,4,5,18,10,0.8823529411764707,0.9649122807017543,0.8181818181818182
dataset2,Heart Failure Prediction,xgboost,XGBoost,1,2,18,10,0.8562091503267976,0.9587203302373581,0.8181818181818182
dataset2,Heart Failure Prediction,xgboost,XGBoost,1,3,18,10,0.8300653594771243,0.954592363261094,0.8181818181818182
dataset2,Heart Failure Prediction,xgboost,XGBoost,1,4,18,10,0.7647058823529412,0.9215686274509803,0.8181818181818182
dataset2,Heart Failure Prediction,xgboost,XGBoost,1,5,18,10,0.7908496732026145,0.9195046439628484,1.0
dataset2,Heart Failure Prediction,xgboost,XGBoost,2,3,18,10,0.8169934640522877,0.9463364293085655,0.8181818181818182
dataset2,Heart Failure Prediction,xgboost,XGBoost,2,4,18,10,0.803921568627451,0.9318885448916409,0.8181818181818182
dataset2,Heart Failure Prediction,xgboost,XGBoost,2,5,18,10,0.803921568627451,0.9195046439628484,0.8181818181818182
dataset2,Heart Failure Prediction,xgboost,XGBoost,3,4,18,10,0.8562091503267976,0.9525283797729618,1.0
dataset2,Heart Failure Prediction,xgboost,XGBoost,3,5,18,10,0.7777777777777779,0.9133126934984519,0.8181818181818182
dataset2,Heart Failure Prediction,xgboost,XGBoost,4,5,18,10,0.8169934640522877,0.9277605779153767,0.8181818181818182
dataset2,Heart Failure Prediction,lightgbm,LightGBM,1,2,18,10,0.8169934640522877,0.9422084623323013,0.8181818181818182
dataset2,Heart Failure Prediction,lightgbm,LightGBM,1,3,18,10,0.8692810457516341,0.9628482972136224,0.8181818181818182
dataset2,Heart Failure Prediction,lightgbm,LightGBM,1,4,18,10,0.8692810457516341,0.9628482972136224,0.8181818181818182
dataset2,Heart Failure Prediction,lightgbm,LightGBM,1,5,18,10,0.8692810457516341,0.9628482972136224,1.0
dataset2,Heart Failure Prediction,lightgbm,LightGBM,2,3,18,10,0.7908496732026145,0.9318885448916409,0.8181818181818182
dataset2,Heart Failure Prediction,lightgbm,LightGBM,2,4,18,10,0.7908496732026145,0.9256965944272446,0.8181818181818182
dataset2,Heart Failure Prediction,lightgbm,LightGBM,2,5,18,10,0.8169934640522877,0.9277605779153767,0.8181818181818182
dataset2,Heart Failure Prediction,lightgbm,LightGBM,3,4,18,10,0.8692810457516341,0.9649122807017543,0.8181818181818182
dataset2,Heart Failure Prediction,lightgbm,LightGBM,3,5,18,10,0.7647058823529412,0.9029927760577915,0.8181818181818182
dataset2,Heart Failure Prediction,lightgbm,LightGBM,4,5,18,10,0.8431372549019609,0.9380804953560371,0.8181818181818182
dataset3,Heart Disease Health Indicators (BRFSS 2015),adaboost,AdaBoost,1,2,22,10,0.974025974025974,0.9932241671372107,1.0
dataset3,Heart Disease Health Indicators (BRFSS 2015),adaboost,AdaBoost,1,3,22,10,0.9393939393939393,0.9864483342744214,1.0
dataset3,Heart Disease Health Indicators (BRFSS 2015),adaboost,AdaBoost,1,4,22,10,0.974025974025974,0.9954827780914738,1.0
dataset3,Heart Disease Health Indicators (BRFSS 2015),adaboost,AdaBoost,1,5,22,10,1.0,1.0,1.0
dataset3,Heart Disease Health Indicators (BRFSS 2015),adaboost,AdaBoost,2,3,22,10,0.9653679653679654,0.9932241671372107,1.0
dataset3,Heart Disease Health Indicators (BRFSS 2015),adaboost,AdaBoost,2,4,22,10,0.948051948051948,0.9887069452286844,1.0
dataset3,Heart Disease Health Indicators (BRFSS 2015),adaboost,AdaBoost,2,5,22,10,0.974025974025974,0.9932241671372107,1.0
dataset3,Heart Disease Health Indicators (BRFSS 2015),adaboost,AdaBoost,3,4,22,10,0.948051948051948,0.9887069452286844,1.0
dataset3,Heart Disease Health Indicators (BRFSS 2015),adaboost,AdaBoost,3,5,22,10,0.9393939393939393,0.9864483342744214,1.0
dataset3,Heart Disease Health Indicators (BRFSS 2015),adaboost,AdaBoost,4,5,22,10,0.974025974025974,0.9954827780914738,1.0
dataset3,Heart Disease Health Indicators (BRFSS 2015),xgboost,XGBoost,1,2,22,10,0.922077922077922,0.9841897233201583,1.0
dataset3,Heart Disease Health Indicators (BRFSS 2015),xgboost,XGBoost,1,3,22,10,0.9307359307359306,0.9841897233201583,1.0
dataset3,Heart Disease Health Indicators (BRFSS 2015),xgboost,XGBoost,1,4,22,10,0.9307359307359306,0.9853190287972897,1.0
dataset3,Heart Disease Health Indicators (BRFSS 2015),xgboost,XGBoost,1,5,22,10,0.8961038961038961,0.9740259740259741,1.0
dataset3,Heart Disease Health Indicators (BRFSS 2015),xgboost,XGBoost,2,3,22,10,0.922077922077922,0.9785431959345003,1.0
dataset3,Heart Disease Health Indicators (BRFSS 2015),xgboost,XGBoost,2,4,22,10,0.9567099567099567,0.9932241671372107,1.0
dataset3,Heart Disease Health Indicators (BRFSS 2015),xgboost,XGBoost,2,5,22,10,0.9567099567099567,0.989836250705816,1.0
dataset3,Heart Disease Health Indicators (BRFSS 2015),xgboost,XGBoost,3,4,22,10,0.9307359307359306,0.9774138904573689,1.0
dataset3,Heart Disease Health Indicators (BRFSS 2015),xgboost,XGBoost,3,5,22,10,0.8787878787878788,0.961603613777527,1.0
dataset3,Heart Disease Health Indicators (BRFSS 2015),xgboost,XGBoost,4,5,22,10,0.9307359307359306,0.9853190287972897,1.0
dataset3,Heart Disease Health Indicators (BRFSS 2015),lightgbm,LightGBM,1,2,22,10,0.8874458874458874,0.9661208356860531,0.8181818181818182
dataset3,Heart Disease Health Indicators (BRFSS 2015),lightgbm,LightGBM,1,3,22,10,0.9134199134199134,0.9751552795031055,0.8181818181818182
dataset3,Heart Disease Health Indicators (BRFSS 2015),lightgbm,LightGBM,1,4,22,10,0.922077922077922,0.9819311123658953,0.8181818181818182
dataset3,Heart Disease Health Indicators (BRFSS 2015),lightgbm,LightGBM,1,5,22,10,0.8701298701298701,0.9570863918690007,0.8181818181818182
dataset3,Heart Disease Health Indicators (BRFSS 2015),lightgbm,LightGBM,2,3,22,10,0.9047619047619047,0.9762845849802373,1.0
dataset3,Heart Disease Health Indicators (BRFSS 2015),lightgbm,LightGBM,2,4,22,10,0.9134199134199134,0.9830604178430267,1.0
dataset3,Heart Disease Health Indicators (BRFSS 2015),lightgbm,LightGBM,2,5,22,10,0.9307359307359306,0.9853190287972897,1.0
dataset3,Heart Disease Health Indicators (BRFSS 2015),lightgbm,LightGBM,3,4,22,10,0.922077922077922,0.9853190287972897,1.0
dataset3,Heart Disease Health Indicators (BRFSS 2015),lightgbm,LightGBM,3,5,22,10,0.8528138528138528,0.9548277809147376,1.0
dataset3,Heart Disease Health Indicators (BRFSS 2015),lightgbm,LightGBM,4,5,22,10,0.8787878787878788,0.9695087521174479,1.0
